Assembly,Partners,PartnerWeight,EdgeWeight,Predecessor,Successor
EXT - Unknown,N/A,0,0,N/A,N/A
EXT - Swagelok,N/A,0,0,N/A,N/A
EXT - M10,N/A,0,0,N/A,N/A
EXT- Siltrax,N/A,0,0,N/A,N/A
EXT - External Supplier (TBA),N/A,0,0,N/A,N/A
EXT - Bosch,N/A,0,0,N/A,N/A
EXT - Corning,N/A,0,0,N/A,N/A
EXT -  Sundrive,N/A,0,0,N/A,N/A
EXT - REOO,N/A,0,0,N/A,N/A
EXT - Adlink,N/A,0,0,N/A,N/A
EXT - Ricardo,N/A,0,0,N/A,N/A
EXT - Bride Racing,N/A,0,0,N/A,N/A
EXT - Beswick,N/A,0,0,N/A,N/A
EXT - Coregas,N/A,0,0,N/A,N/A
EXT - Colan,N/A,0,0,N/A,N/A
EXT - Scott Bader,N/A,0,0,N/A,N/A
EXT - Calm Aluminium,N/A,0,0,N/A,N/A
EXT - McConaghy,N/A,0,0,N/A,N/A
EXT - Espresso Conversation,N/A,0,0,N/A,N/A
EXT - Stallibus,N/A,0,0,N/A,N/A
EXT - Chevalier,N/A,0,0,N/A,N/A
EXT - Espresso,N/A,0,0,N/A,N/A
EXT - PWR,N/A,0,0,N/A,N/A
EXT - Autofrost,N/A,0,0,N/A,N/A
EXT - Divergent,N/A,0,0,N/A,N/A
EXT - Sunswift,N/A,0,0,N/A,N/A
ASSY - OCCUPANT CELL SPIDER,"McConaghy, Scott Bader, Colan",2,5,"ASSY - SOLAR ROOF ARRAY, ASSY - DOOR SHELL - LH, ASSY - DOOR SHELL - RH","ASSY - WINDSCREEN, ASSY - CEILING, ASSY - DOOR CARD - LH, ASSY - WINDSCREEN WIPER AERO GUARD"
ASSY - OCCUPANT CELL TUB,"McConaghy, Scott Bader, Colan",2,5,"ASSY - FRONT FLUID MANAGEMENT, ASSY - HVAC BOX, ASSY - FRONT CRASH STRUCTURE, ASSY - STEERING COLUMN, ASSY - FRONT SEATBELT DRIVER, ASSY - AXLE CV - LH, ASSY - CHASSIS SUBFRAME, ASSY - HYDROGEN COMPARTMENT VENTING, ASSY - WINDSCREEN WIPER MOTOR, ASSY - STEERING COLUMN MOUNT, ASSY - REAR FLUID MANAGEMENT, ASSY - FRONT DAMPER - LH, ASSY - FRONT SEAT PASSENGER, ASSY - MOTOR UNIT - RH, ASSY - STEERING RACK, ASSY - REAR CRASH STRUCTURE, ASSY - DOOR LATCH - RH, ASSY - INTERIOR LIGHTS PCB, ASSY - MOTOR UNIT - LH, ASSY - FRONT SEATBELT PASSENGER, ASSY - AXLE CV - RH, ASSY - FRONT TOP WISHBONE - RH, ASSY - REAR QUARTER PANEL - LH, ASSY - PRESSURE VESSEL SHELL, ASSY - FRONT LOWER WISHBONE - LH, ASSY - REAR QUARTER PANEL - RH, ASSY - FRONT LOWER WISHBONE - RH, ASSY - DOOR LATCH - LH, ASSY - BATTERY MODULE, ASSY - FRONT SEAT DRIVER, ASSY - FRONT TOP WISHBONE - LH, ASSY - FRONT TIEROD RH, ASSY - FRONT DAMPER - RH, ASSY - FRONT TIEROD LH","ASSY - REAR FLOOR, ASSY - REAR SUPPORT STRUCTURE, ASSY - DOOR CARD - LH, ASSY - DOOR HINGE - LH, ASSY - FRONT CLAMSHELL, ASSY - DOOR HINGE - RH"
ASSY - STEERING COLUMN MOUNT,"McConaghy, Scott Bader, Colan",2,2,ASSY - STEERING COLUMN,ASSY - OCCUPANT CELL TUB
ASSY - FRONT CRASH STRUCTURE,Calm Aluminium,1,4,N/A,ASSY - OCCUPANT CELL TUB
ASSY - REAR CRASH STRUCTURE,Calm Aluminium,1,3,N/A,ASSY - OCCUPANT CELL TUB
ASSY - CHASSIS VENTILATION,"McConaghy, Scott Bader, Colan",2,8,"ASSY - FRONT FLUID MANAGEMENT, ASSY - ACTIVE AERO FRONT RADIATOR FLAPS",ASSY - FRONT CLAMSHELL
ASSY - CHASSIS SUBFRAME,Divergent ,4,4,"ASSY - GEARBOX - RH, ASSY - MOTOR UNIT - LH, ASSY - MOTOR MOUNTING FRAME - LH, ASSY - AXLE CV - LH, ASSY - AXLE CV - RH, ASSY - GEARBOX - LH, ASSY - MOTOR MOUNTING FRAME - RH, ASSY - MOTOR UNIT - RH",ASSY - OCCUPANT CELL TUB
ASSY - HVAC BOX,AutoFrost,3,8,ASSY - THERMAL BOX,"ASSY - FRONT FLUID MANAGEMENT, ASSY - OCCUPANT CELL TUB, ASSY - HVAC PIPING"
ASSY - THERMAL BOX,"AutoFrost, PWR ",34,6,N/A,"ASSY - FRONT FLUID MANAGEMENT, ASSY - REAR FLUID MANAGEMENT, ASSY - HVAC PIPING, ASSY - HVAC BOX"
ASSY - HVAC PIPING ,Unknown,3,7,"ASSY - THERMAL BOX, ASSY - HVAC BOX",ASSY - FRONT FLUID MANAGEMENT
ASSY - FRONT FLUID MANAGEMENT,Unknown,3,4,"ASSY - HVAC PIPING, ASSY - HVAC BOX, ASSY - THERMAL BOX","ASSY - CHASSIS VENTILATION, ASSY - REAR FLUID MANAGEMENT, ASSY - BATTERY MODULE, ASSY - OCCUPANT CELL TUB"
ASSY - REAR FLUID MANAGEMENT,Unknown,3,5,"ASSY - THERMAL BOX, ASSY - FRONT FLUID MANAGEMENT, ASSY - MOTORS, ASSY - POWER ELECTRONICS, ASSY - HYDROGEN COOLING SYSTEM","ASSY - BATTERY MODULES, ASSY - OCCUPANT CELL TUB"
ASSY - REAR BUMPER,"McConaghy, Scott Bader, Colan",2,6,"ASSY - BLINDSPOT MONITORING SENSOR - RH, ASSY - REAR QUARTER PANEL - LH, ASSY - REAR QUARTER PANEL - RH, ASSY - BLINDSPOT MONITORING SENSOR - LH","ASSY - REAR FLOOR, ASSY - REAR SUPPORT STRUCTURE"
ASSY - REAR QUARTER PANEL - LH,"McConaghy, Scott Bader, Colan",2,2,"ASSY - DOOR SHELL - LH, ASSY - OUTER DOOR HANDLE - LH","ASSY - REAR BUMPER, ASSY - REAR FLOOR, ASSY - OCCUPANT CELL TUB, ASSY - BOOT, ASSY - REAR SUPPORT STRUCTURE"
ASSY - REAR QUARTER PANEL  - RH,"McConaghy, Scott Bader, Colan",2,2,"ASSY - DOOR SHELL - RH, ASSY - OUTER DOOR HANDLE - RH","ASSY - REAR BUMPER, ASSY - REAR FLOOR, ASSY - OCCUPANT CELL TUB, ASSY - BOOT, ASSY - REAR SUPPORT STRUCTURE"
ASSY - FRONT CLAM SHELL,"McConaghy, Scott Bader, Colan",2,7,"ASSY - ACTIVE AERO FRONT RADIATOR FLAPS, ASSY - HEADLIGHT/INDICATOR PCB - LH, ASSY - DOOR SHELL - LH, ASSY - C-V2V RADAR/LiDAR, ASSY - HEADLIGHT EXTERIOR - RH, ASSY - ACTIVE AERO CONTROL PCB, ASSY - SIDE CAMERA - LH, ASSY - DOOR SHELL - RH, ASSY - CHASSIS VENTILATION, ASSY - HEADLIGHT EXTERIOR - LH, ASSY - HORN, ASSY - HEADLIGHT/INDICATOR PCB - RH, ASSY - SIDE CAMERA - RH, ASSY - OCCUPANT CELL TUB","ASSY - SOLAR BONNET ARRAY, ASSY - BONNET"
ASSY - REAR FLOOR,"McConaghy, Scott Bader, Colan",2,3,"ASSY - REAR BUMPER, ASSY - OCCUPANT CELL TUB, ASSY - REAR QUARTER PANEL - RH, ASSY - REAR QUARTER PANEL - LH",ASSY - BOOT
ASSY - REAR SUPPORT STRUCTURE,"McConaghy, Scott Bader, Colan",2,5,"ASSY - REAR QUARTER PANEL - RH, ASSY - REAR QUARTER PANEL - LH, ASSY - REAR BUMPER, ASSY - OCCUPANT CELL TUB",ASSY - BOOT
ASSY - BOOT,"McConaghy, Scott Bader, Colan, Stabillus",4,5,"ASSY - CENTRAL STOP LAMP PCB, ASSY - TAILLIGHT/INDICATOR PCB - RH, ASSY - TAILLIGHT/INDICATOR EXTERIOR - LH, ASSY - REAR SUPPORT STRUCTURE, ASSY - CENTRAL STOP LAMP, ASSY - TAILLIGHT/INDICATOR EXTERIOR - RH, ASSY - SHINGLED MATRIX PANELS, ASSY - SOLAR BOOT ARRAY, ASSY - TAILLIGHT/INDICATOR PCB - LH, ASSY - REAR QUARTER PANEL - RH, ASSY - REAR QUARTER PANEL - LH",ASSY - BOOT LOCKING BOARD
ASSY - BOOT LOCKING BOARD,Sunswift,0,2,ASSY - BOOT,N/A
ASSY - BONNET,"McConaghy, Scott Bader, Colan",2,4,"ASSY - SOLAR BONNET ARRAY, ASSY - WINDSCREEN WIPER AERO GUARD, ASSY - FRONT CLAMSHELL",ASSY - BONNET LOCKING BOARD
ASSY - BONNET LOCKING BOARD,Sunswift,0,4,ASSY - BONNET,N/A
ASSY - DOOR SHELL - LH,"McConaghy, Scott Bader, Colan",2,3,"ASSY - ELECTRIC WINDOWS - LH, ASSY - SIDE INDICATOR EXTERIOR - LH, ASSY - DOOR AUDIO - LH, ASSY - DOOR HINGE - LH","ASSY - OCCUPANT CELL SPIDER, ASSY - FRONT CLAMSHELL, ASSY - DOOR CARD - LH, ASSY - REAR QUARTER PANEL - LH"
ASSY - DOOR SHELL - RH,"McConaghy, Scott Bader, Colan",2,3,"ASSY - ELECTRIC WINDOWS - RH, ASSY - SIDE INDICATOR EXTERIOR - RH, ASSY - DOOR AUDIO - RH, ASSY - DOOR HINGE - RH","ASSY - OCCUPANT CELL SPIDER, ASSY - FRONT CLAMSHELL, ASSY - DOOR CARD - RH, ASSY - REAR QUARTER PANEL - RH"
ASSY - DOOR HINGE - LH ,Stabillus,3,3,ASSY - OCCUPANT CELL TUB,"ASSY - DOOR SHELL - LH, ASSY - DOOR CARD - LH"
ASSY - DOOR HINGE - RH ,Stabillus,3,3,ASSY - OCCUPANT CELL TUB,"ASSY - DOOR SHELL - RH, ASSY - DOOR CARD -RH"
ASSY - DOOR CARD - LH,Sunswift,0,3,"ASSY- OCUPANT CELL SPIDER,ASSY- OCUUPANT CELL TUB ,ASSY - DOOR SHELL - LH, ASSY - DOOR HINGE, ASSY - DOOR AUDIO"," ASSY - INNER DOOR HANDLE - LH, ASSY- DASHBOARD STRUCTURE"
ASSY - DOOR CARD - RH ,Sunswift,0,3,"ASSY- OCUPANT CELL SPIDER,ASSY- OCUPANT CELL TUB ,ASSY - DOOR SHELL - RH, ASSY - DOOR HINGE, ASSY - DOOR AUDIO"," ASSY - INNER DOOR HANDLE - LH, ASSY- DASHBOARD STRUCTURE"
ASSY - DOOR AUDIO - LH,Sunswift,0,8,ASSY - DOOR SHELL - LH,N/A
ASSY - DOOR AUDIO - RH,Sunswift,0,8,ASSY - DOOR SHELL - RH,N/A
ASSY - DOOR CONTROL BOARD - LH,Sunswift,0,5,"ASSY - DOOR HINGE - LH , ASSY - DOOR SHELL - LH",N/A
ASSY - DOOR CONTROL BOARD - RH,Sunswift,0,5,"ASSY - DOOR SHELL - RH, ASSY - DOOR HINGE - LH",N/A
ASSY - DOOR ACTUATOR BOARD - LH,Sunswift,0,5,N/A,N/A
ASSY - DOOR ACTUATOR BOARD - RH,Sunswift,0,5,N/A,N/A
ASSY - INNER DOOR HANDLE - LH,Chevalier ,4,2,ASSY - DOOR CARD - LH,N/A
ASSY - INNER DOOR HANDLE - RH,Chevalier ,4,2,ASSY - DOOR CARD - RH,N/A
ASSY - OUTER DOOR HANDLE - LH,Chevalier ,4,2,ASSY - DOOR LATCH - LH,ASSY - REAR QUARTER PANEL - LH
ASSY - OUTER DOOR HANDLE - RH,Chevalier ,4,2,ASSY - DOOR LATCH - RH,ASSY - REAR QUARTER PANEL - RH
ASSY - DOOR LATCH - LH,Chevalier ,4,2,N/A,"ASSY - OUTER DOOR HANDLE - LH, ASSY - OCCUPANT CELL TUB"
ASSY - DOOR LATCH - RH,Chevalier ,4,2,N/A,"ASSY - OUTER DOOR HANDLE - RH, ASSY - OCCUPANT CELL TUB"
ASSY - ELECTRIC WINDOWS - LH ,Unknown,4,2,N/A,ASSY - DOOR SHELL - LH
ASSY - ELECTRIC WINDOWS - RH ,Unknown,4,2,N/A,ASSY - DOOR SHELL - RH
ASSY - ACTIVE AERO FRONT RADIATOR FLAPS,Sunswift ,0,3,N/A,N/A
ASSY - ACTIVE AERO MOTORS,Sunswift ,0,2,N/A,N/A
ASSY - ACTIVE AERO CONTROLl PCB,Sunswift,0,6,ASSY - ACTIVE AERO MOTORS,N/A
ASSY - WINDSCREEN,Unknown ,4,3,N/A,N/A
ASSY - WINDSCREEN WIPER,Unknown ,4,3,N/A,N/A
ASSY - WINDSCREEN WASHER ,Unknown ,4,2,N/A,N/A
ASSY - WINDSCREEN WIPER AERO GUARD,Sunswift ,0,3,N/A,N/A
ASSY - WINDSCREEN WIPER MOTOR,Sunswift ,0,2,N/A,N/A
ASSY - WINDSCREEN WIPER CONTROL PCB,Sunswift,0,4,ASSY - WINDSCREEN WIPER MOTOR,N/A
ASSY - FRONT TOP WISHBONE - LH,Sunswift,0,2,ASSY - FRONT WHEEL,ASSY - OCCUPANT CELL TUB
ASSY - FRONT TOP WISHBONE - RH,Sunswift,0,2,ASSY - FRONT WHEEL,ASSY - OCCUPANT CELL TUB
ASSY - FRONT LOWER WISHBONE - LH,Sunswift,0,2,ASSY - FRONT WHEEL,ASSY - OCCUPANT CELL TUB
ASSY - FRONT LOWER WISHBONE - RH,Sunswift,0,2,ASSY - FRONT WHEEL,ASSY - OCCUPANT CELL TUB
ASSY - FRONT PUSHROD LH,Sunswift,0,0,N/A,N/A
ASSY - FRONT PUSHROD RH,Sunswift,0,0,N/A,N/A
ASSY - FRONT TIEROD LH,Sunswift,0,2,"ASSY - FRONT UPRIGHT - LH, ASSY - FRONT DAMPER - LH, ASSY - FRONT CALIPER - LH, ASSY - FRONT BRAKE DISC, ASSY - STEERING RACK",ASSY - OCCUPANT CELL TUB
ASSY - FRONT TIEROD RH,Sunswift,0,2,"ASSY - FRONT UPRIGHT - RH, ASSY - FRONT DAMPER - RH, ASSY - FRONT CALIPER - RH, ASSY - FRONT BRAKE DISC, ASSY - STEERING RACK",ASSY - OCCUPANT CELL TUB
ASSY - FRONT UPRIGHT - LH,Sunswift,0,2,ASSY - FRONT WHEEL,N/A
ASSY - FRONT UPRIGHT - RH,Sunswift,0,2,ASSY - FRONT WHEEL,N/A
ASSY - FRONT DAMPER - LH,Sunswift,0,2,ASSY - FRONT WHEEL,N/A
ASSY - FRONT DAMPER - RH,Sunswift,0,2,ASSY - FRONT WHEEL,N/A
ASSY - FRONT WHEEL,Sunswift,0,2,N/A,"ASSY - OCCUPANT CELL TUB, ASSY - FRONT TOP WISHBONE - LH, ASSY - FRONT TOP WISHBONE - RH, ASSY - FRONT TIEROD LH, ASSY - FRONT TIEROD RH, ASSY - FRONT UPRIGHT - LH, ASSY - FRONT UPRIGHT - RH, ASSY - FRONT DAMPER - LH, ASSY - FRONT DAMPER - RH, ASSY - FRONT CALIPER - LH, ASSY - FRONT CALIPER - RH, ASSY - FRONT MASTER CYLINDER RESERVOIR, ASSY - FRONT BRAKE DISC"
ASSY - REAR TOP WISHBONE - LH,Sunswift,0,2,ASSY - REAR WHEEL,ASSY - OCCUPANT CELL TUB
ASSY - REAR TOP WISHBONE - RH,Sunswift,0,2,ASSY - REAR WHEEL,ASSY - OCCUPANT CELL TUB
ASSY - REAR LOWER WISHBONE LH,Sunswift,0,2,ASSY - REAR WHEEL,ASSY - OCCUPANT CELL TUB
ASSY - REAR LOWER WISHBONE RH,Sunswift,0,2,ASSY - REAR WHEEL,ASSY - OCCUPANT CELL TUB
ASSY - REAR PUSHROD,Sunswift,0,2,N/A,N/A
ASSY - REAR TOELINK,Sunswift,0,2,"ASSY - OCCUPANT CELL TUB, ASSY - REAR TOP WISHBONE - LH, ASSY - REAR TOP WISHBONE - RH, ASSY - REAR LOWER WISHBONE LH, ASSY - REAR LOWER WISHBONE RH",N/A
ASSY - REAR UPRIGHT - LH,Sunswift,0,2,ASSY - REAR WHEEL,ASSY - REAR DAMPER - LH
ASSY - REAR UPRIGHT - RH,Sunswift,0,2,ASSY - REAR WHEEL,ASSY - REAR DAMPER - RH
ASSY - REAR DAMPER - LH,Sunswift,0,2,"ASSY - REAR WHEEL, ASSY - REAR UPRIGHT - LH",N/A
ASSY - REAR DAMPER - RH,Sunswift,0,2,"ASSY - REAR WHEEL, ASSY - REAR UPRIGHT - RH",N/A
ASSY - REAR WHEEL,Sunswift,0,2,N/A,"ASSY - OCCUPANT CELL TUB, ASSY - REAR QUARTER PANEL - LH, ASSY - REAR QUARTER PANEL  - RH, ASSY - REAR SUPPORT STRUCTURE, ASSY - REAR TOP WISHBONE - LH, ASSY - REAR TOP WISHBONE - RH, ASSY - REAR LOWER WISHBONE LH, ASSY - REAR LOWER WISHBONE RH, ASSY - REAR TOELINK, ASSY - REAR UPRIGHT - LH, ASSY - REAR UPRIGHT - RH, ASSY - REAR DAMPER - LH, ASSY - REAR DAMPER - RH, ASSY - REAR BRAKE CALIPER - LH, ASSY - REAR BRAKE CALIPER - RH, ASSY - REAR MASTER CYLINDER, ASSY - REAR MASTER CYLINDER RESERVOIR, ASSY - REAR BRAKE DISC, ASSY - REAR BRAKE LINE, ASSY - HAND BRAKE "
ASSY - FRONT CALIPER - LH,Sunswift,0,2,"ASSY - FRONT WHEEL, ASSY - FRONT BRAKE DISC","ASSY - OCCUPANT CELL TUB, ASSY - FRONT BRAKE LINE"
ASSY - FRONT CALIPER - RH,Sunswift,0,2,"ASSY - FRONT WHEEL, ASSY - FRONT BRAKE DISC","ASSY - OCCUPANT CELL TUB, ASSY - FRONT BRAKE LINE"
ASSY - FRONT MASTER CYLINDER RESERVOIR,Sunswift,0,2,"ASSY - OCCUPANT CELL TUB, ASSY - FRONT CRASH STRUCTURE, ASSY - FRONT TOP WISHBONE - LH, ASSY - FRONT TOP WISHBONE - RH, ASSY - FRONT LOWER WISHBONE - LH, ASSY - FRONT LOWER WISHBONE - RH, ASSY - FRONT TIEROD LH, ASSY - FRONT TIEROD RH, ASSY - FRONT UPRIGHT - LH, ASSY - FRONT UPRIGHT - RH, ASSY - STEERING RACK, ASSY - PEDAL BOX, ASSY - BRAKE PEDAL",N/A
ASSY - FRONT MASTER CYLINDER,Sunswift,0,2,"ASSY - OCCUPANT CELL TUB, ASSY - FRONT CRASH STRUCTURE, ASSY - FRONT TOP WISHBONE - LH, ASSY - FRONT TOP WISHBONE - RH, ASSY - FRONT LOWER WISHBONE - LH, ASSY - FRONT LOWER WISHBONE - RH, ASSY - FRONT TIEROD LH, ASSY - FRONT TIEROD RH, ASSY - FRONT UPRIGHT - LH, ASSY - FRONT UPRIGHT - RH, ASSY - STEERING RACK, ASSY - PEDAL BOX, ASSY - BRAKE PEDAL",N/A
ASSY - FRONT BRAKE DISC,Sunswift,0,2,ASSY - FRONT WHEEL,"ASSY - FRONT CALIPER - LH, ASSY - FRONT CALIPER - RH, ASSY - FRONT UPRIGHT - LH, ASSY - FRONT UPRIGHT - RH"
ASSY - FRONT BRAKE LINE,Sunswift,0,2,"ASSY - FRONT CRASH STRUCTURE, ASSY - FRONT TOP WISHBONE - LH, ASSY - FRONT TOP WISHBONE - RH, ASSY - FRONT LOWER WISHBONE - LH, ASSY - FRONT LOWER WISHBONE - RH, ASSY - FRONT TIEROD LH, ASSY - FRONT TIEROD RH, ASSY - FRONT UPRIGHT - LH, ASSY - FRONT UPRIGHT - RH, ASSY - STEERING RACK, ASSY - PEDAL BOX, ASSY - BRAKE PEDAL",ASSY - OCCUPANT CELL TUB
ASSY CHASSIS BRAKE LINE,Sunswift,0,2,"ASSY - FRONT CRASH STRUCTURE, ASSY - FRONT TOP WISHBONE - LH, ASSY - FRONT TOP WISHBONE - RH, ASSY - FRONT LOWER WISHBONE - LH, ASSY - FRONT LOWER WISHBONE - RH, ASSY - FRONT TIEROD LH, ASSY - FRONT TIEROD RH, ASSY - FRONT UPRIGHT - LH, ASSY - FRONT UPRIGHT - RH, ASSY - STEERING RACK, ASSY - PEDAL BOX, ASSY - BRAKE PEDAL",ASSY - OCCUPANT CELL TUB
ASSY - REAR BRAKE CALIPER - LH,Sunswift,0,2,"ASSY - REAR WHEEL, ASSY - REAR BRAKE DISC",ASSY - REAR BRAKE LINE
ASSY - REAR BRAKE CALIPER - RH,Sunswift,0,2,"ASSY - REAR WHEEL, ASSY - REAR BRAKE DISC",ASSY - REAR BRAKE LINE
ASSY - REAR MASTER CYLINDER,Sunswift,0,2,"ASSY - OCCUPANT CELL TUB, ASSY - FRONT CRASH STRUCTURE, ASSY - FRONT TOP WISHBONE - LH, ASSY - FRONT TOP WISHBONE - RH, ASSY - FRONT LOWER WISHBONE - LH, ASSY - FRONT LOWER WISHBONE - RH, ASSY - FRONT TIEROD LH, ASSY - FRONT TIEROD RH, ASSY - FRONT UPRIGHT - LH, ASSY - FRONT UPRIGHT - RH, ASSY - STEERING RACK, ASSY - PEDAL BOX, ASSY - BRAKE PEDAL",N/A
ASSY - REAR MASTER CYLINDER RESERVOIR,Sunswift,0,2,"ASSY - OCCUPANT CELL TUB, ASSY - FRONT CRASH STRUCTURE, ASSY - FRONT TOP WISHBONE - LH, ASSY - FRONT TOP WISHBONE - RH, ASSY - FRONT LOWER WISHBONE - LH, ASSY - FRONT LOWER WISHBONE - RH, ASSY - FRONT TIEROD LH, ASSY - FRONT TIEROD RH, ASSY - FRONT UPRIGHT - LH, ASSY - FRONT UPRIGHT - RH, ASSY - STEERING RACKASSY - PEDAL BOX, ASSY - BRAKE PEDAL",N/A
ASSY - REAR BRAKE DISC,Sunswift,0,2,ASSY - REAR WHEEL,"ASSY - REAR BRAKE CALIPER - LH, ASSY - REAR BRAKE CALIPER - RH, ASSY - REAR BRAKE LINE, ASSY - HAND BRAKE "
ASSY - REAR BRAKE LINE,Sunswift,0,2,"ASSY - OCCUPANT CELL TUB, ASSY - FRONT CRASH STRUCTURE, ASSY - FRONT TOP WISHBONE - LH, ASSY - FRONT TOP WISHBONE - RH, ASSY - FRONT LOWER WISHBONE - LH, ASSY - FRONT LOWER WISHBONE - RH, ASSY - FRONT TIEROD LH, ASSY - FRONT TIEROD RH, ASSY - FRONT UPRIGHT - LH, ASSY - FRONT UPRIGHT - RH, ASSY - STEERING RACK, ASSY - PEDAL BOX, ASSY - BRAKE PEDAL",ASSY - OCCUPANT CELL TUB
ASSY - HAND BRAKE ,Sunswift,0,2,"ASSY - REAR WHEEL, ASSY - REAR BRAKE DISC","ASSY CHASSIS BRAKE LINE, ASSY - DASHBOARD STRUCTURE"
ASSY - STEERING COLUMN,Sunswift,0,2,"ASSY - STEERING WHEEL, ASSY - STEERING RACK","ASSY - STEERING RACK, ASSY - STEERING COLUMN MOUNT, ASSY - FRONT CRASH STRUCTURE"
ASSY - STEERING RACK,Sunswift,0,2,"ASSY - STEERING COLUMN, ASSY - FRONT TIEROD LH, ASSY - FRONT TIEROD RH",ASSY - OCCUPANT CELL TUB
ASSY - STEERING WHEEL,Sunswift,0,4,"ASSY - STEERING COLUMN, ASSY-STEERING WHEEL PCB",ASSY - DRIVER DISPLAY (BUTTONS & FUNCTIONS)
ASSY - STEERING WHEEL PCB,Sunswift,0,6,N/A,ASSY - STEERING WHEEL
ASSY - INTERIOR LIGHTS PCB,Sunswift,0,6,N/A,"ASSY - OCCUPANT CELL SPIDER, ASSY - CEILING"
ASSY - REAR VISION CAMERA,Sunswift,0,4,N/A,N/A
ASSY - SIDE CAMERA - LH,Unknown,4,6,N/A,ASSY - TAILLIGHT/INDICATOR EXTERIOR- LH
ASSY - SIDE CAMERA - RH,Unknown,4,6,N/A,ASSY - TAILLIGHT/INDICATOR EXTERIOR- RH
ASSY - PEDAL BOX,Sunswift,0,2,"ASSY - THROTTLE PEDAL, ASSY - BRAKE PEDAL, ASSY - PEDAL BOX CONTROLLER, ASSY - PEDAL PRESS SENSOR",ASSY - OCCUPANT CELL TUB
ASSY - THROTTLE PEDAL,Sunswift,0,1,N/A,"ASSY - PEDAL PRESS SENSOR,  ASSY - FRONT MASTER CYLINDER,  ASSY - REAR MASTER CYLINDER"
ASSY - BRAKE PEDAL,Sunswift,0,1,N/A,"ASSY - PEDAL PRESS SENSOR,  ASSY - FRONT MASTER CYLINDER, ASSY - FRONT BRAKE LINE,  ASSY - REAR MASTER CYLINDER"
ASSY - PEDAL BOX CONTROLLER,Sunswift,0,2,ASSY - PEDAL PRESS SENSOR,N/A
ASSY - PEDAL PRESS SENSOR,Sunswift,0,1,"ASSY - THROTTLE PEDAL, ASSY - BRAKE PEDAL",N/A
ASSY - CEILING,Sunswift,0,4,"ASSY - REAR VISION CAMERA (mount), ASSY - SUN VISOR LH, ASSY - SUN VISOR RH, ASSY - OCCUPANT CELL SPIDER",N/A
ASSY - SUN VISOR LH,Sunswift,0,3,N/A,ASSY - CEILING
ASSY - SUN VISOR RH,Sunswift,0,3,N/A,ASSY - CEILING
ASSY - DASHBOARD STRUCTURE,McConaghy,0,6,"ASSY - OCCUPANT CELL TUB, ASSY-DOOR CARD, ASSY - CENTRAL DISPLAY, ASSY - DRIVER DISPLAY, ASSY - HEADS-UP DISPLAY, ASSY - SIDE VISION (MONITOR)",N/A
ASSY - CENTRAL DISPLAY,Espresso conversation,6,2,N/A,ASSY - DASHBOARD STRUCTURE
ASSY - DRIVER DISPLAY,Espresso conversation,7,2,ASSY - STEERING WHEEL,ASSY - DASHBOARD STRUCTURE
ASSY - HEADS-UP DISPLAY,Espresso conversation,8,0,N/A,ASSY - DASHBOARD STRUCTURE
ASSY - FRONT SEAT RAIL DRIVER,Bride Racing ,1,4,ASSY - FRONT SEAT DRIVER,N/A
ASSY - FRONT SEAT DRIVER,Sunswift,0,4,N/A,ASSY - FRONT SEAT RAIL DRIVER
ASSY - FRONT SEAT MOUNT DRIVER,Bride Racing ,1,4,N/A,"ASSY - OCCUPANT CELL TUB, ASSY - FRONT SEAT DRIVER ,ASSY - FRONT SEAT BELT DRIVER"
ASSY - FRONT SEAT PASSENGER,Sunswift ,0,4,N/A,"ASSY - OCCUPANT CELL TUB, ASSY - FRONT SEAT MOUNT PASSENGER"
ASSY - FRONT SEAT MOUNT PASSENGER,Bride Racing ,1,0,N/A,"ASSY - OCCUPANT CELL TUB, ASSY - FRONT SEAT BELT PASSENGER"
ASSY - FRONT SEAT BELT DRIVER,Unknown,1,1,ASSY - FRONT SEAT DRIVER,"ASSY - OCCUPANT CELL TUB, ASSY - OCCUPANT CELL SPIDER"
ASSY - FRONT SEATBELT PASSENGER,Unknown,0,1,"ASSY - OCCUPANT CELL TUB, ASSY - OCCUPANT CELL SPIDER, ASSY - FRONT SEAT PASSENGER","ASSY - OCCUPANT CELL TUB, ASSY - OCCUPANT CELL SPIDER"
ASSY - MOTOR UNIT - LH,Schaeffler,0,2,N/A,"ASSY - OCCUPANT CELL TUB, ASSY - CHASSIS SUBFRAME, ASSY - MOTOR MOUNTING FRAME, ASSY - INVERTER, ASSY - INVERTER MOUNTING FRAME, ASSY - PWT HV WIRING, ASSY - GEARBOX, ASSY - CV AXLES, ASSY - ENERGY CONTROL SYSTEM, ASSY - FUEL CELL COOLING SYSTEM, ASSY - HYDROGEN STORAGE SYSTEM"
ASSY - MOTOR UNIT - RH,Schaeffler,0,2,N/A,"ASSY - OCCUPANT CELL TUB, ASSY - CHASSIS SUBFRAME, ASSY - MOTOR MOUNTING FRAME, ASSY - INVERTER, ASSY - INVERTER MOUNTING FRAME, ASSY - PWT HV WIRING, ASSY - GEARBOX, ASSY - CV AXLES, ASSY - ENERGY CONTROL SYSTEM, ASSY - FUEL CELL COOLING SYSTEM, ASSY - HYDROGEN STORAGE SYSTEM"
ASSY - MOTOR MOUNTING FRAME - LH,Sunswift,0,4,ASSY - MOTOR UNIT - LH,N/A
ASSY - MOTOR MOUNTING FRAME - RH,Sunswift,0,4,ASSY - MOTOR UNIT - RH,N/A
ASSY - INVERTER - LH,Schaeffler,0,2,ASSY - MOTOR UNIT - LH,"ASSY - FUEL CELL COOLING SYSTEM, ASSY - HYDROGEN STORAGE SYSTEM"
ASSY - INVERTER - RH,Schaeffler,0,2,ASSY - MOTOR UNIT - RH,"ASSY - FUEL CELL COOLING SYSTEM, ASSY - HYDROGEN STORAGE SYSTEM"
ASSY - INVERTER MOUNTING FRAME - LH,Sunswift ,0,4,"ASSY - MOTOR UNIT - LH, ASSY - INVERTER - LH",N/A
ASSY - INVERTER MOUNTING FRAME - RH,Sunswift ,0,4,"ASSY - MOTOR UNIT - RH, ASSY - INVERTER - RH",N/A
ASSY - PWT HV WRING - LH,Unknown,4,2,"ASSY - MOTOR UNIT - LH, ASSY - INVERTER - LH",N/A
ASSY - PWT HV WIRING - RH,Unknown,4,2,"ASSY - MOTOR UNIT - RH, ASSY - INVERTER - RH",N/A
ASSY - GEARBOX - LH,Ricardo,8,3,ASSY - MOTOR UNIT - LH,"ASSY - OCCUPANT CELL TUB, ASSY - CHASSIS SUBFRAME, ASSY - CV AXLES"
ASSY - GEARBOX - RH,Ricardo,8,3,ASSY - MOTOR UNIT - RH,"ASSY - OCCUPANT CELL TUB, ASSY - CHASSIS SUBFRAME, ASSY - CV AXLES"
ASSY - AXLE CV - LH,Ricardo,8,3,"ASSY - MOTOR UNIT - LH, ASSY - GEARBOX - RH","ASSY - OCCUPANT CELL TUB, ASSY - CHASSIS SUBFRAME, ASSY - CV AXLES"
ASSY - AXLE CV - RH,Ricardo,8,3,"ASSY - MOTOR UNIT - RH, ASSY - GEARBOX - RH","ASSY - OCCUPANT CELL TUB, ASSY - CHASSIS SUBFRAME, ASSY - CV AXLES"
ASSY - BATTERY MODULES,Sunswift,0,4,N/A,ASSY - BATTERY PACK
ASSY - BATTERY PACK,Sunswift,0,2,ASSY - BATTERY MODULES,"ASSY - BMS WIRING, ASSY - BATTERY HV WIRING, ASSY - BATTERY LV WIRING"
ASSY - BMS WIRING,Sunswift,0,3,ASSY - BATTERY PACK,ASSY - CONTROL LOGIC
ASSY - BATTERY HV WIRING,Sunswift,0,2,ASSY - BATTERY PACK,N/A
ASSY - BATTERY LV WIRING,Sunswift,0,2,ASSY - BATTERY PACK,N/A
ASSY - AUXILLARY POWER WIRING,Sunswift,0,2,ASSY - AUX BATTERY,N/A
ASSY - DC-DC CONVERTERS,Sunswift,0,2,ASSY - AUX BATTERY,N/A
ASSY - AUX BATTERY,Sunswift,0,2,N/A,"ASSY - DC-DC CONVERTERS, ASSY - AUXILLARY POWER WIRING"
ASSY - ECS HV WIRING,Sunswift,0,2,ASSY - BATTERY PACK,N/A
ASSY - ECS LV WIRING,Sunswift,0,2,ASSY - BATTERY PACK,N/A
ASSY - CONTROL LOGIC,Sunswift,0,3,"ASSY - ECS HV WIRING, ASSY - ECS LV WIRING,",N/A
ASSY - ECS MODULE,Sunswift,0,3,N/A,"ASSY - ECS HV WIRING, ASSY - ECS LV WIRING, ASSY - CONTROL LOGIC"
ASSY - ONBOARD CHARGING WIRING,Sunswift,0,2,ASSY - ONBOARD CHARGING INSTALLATION,N/A
ASSY - ONBOARD CHARGER INSTALLATION,Sunswift,0,3,N/A,ASSY - ONBOARD CHARGER WIRING
ASSY - MPPT JUNCTION BOX,Sunswift,0,2,ASSY - MPPT ,"ASSY - ECS HV WIRING, ASSY - CONTROL LOGIC"
ASSY - MPPT,Sunswift,0,4,"ASSY - SOLAR Roof array, ASSY - SOLAR boot array, ASSY - SOLAR bonnet array, ASSY - Shingled Matrix Panels",ASSY-occupant cell spider
ASSY - SOLAR ROOF ARRAY,"Sundrive, Corning, McConaghy, REOO",4,8,N/A,"ASSY-occupant cell spider, ASSY - occupant cell tub, ASSY-ceiling, ASSY-MPPT, ASSY-MC4 Cabling"
ASSY - SOLAR BOOT ARRAY,"Sundrive, Corning, McConaghy, REOO",4,8,N/A,"ASSY-boot, ASSY-MPPT, ASSY-MC4 Cabling"
ASSY - SOLAR BONNET ARRAY,"Sundrive, Corning, McConaghy, REOO",4,8,N/A,"ASSY-bonnet, ASSY-MPPT, ASSY-MC4 Cabling"
ASSY - MC4 Cabling,Sunswift,0,4,"ASSY- solar boot array, ASSY- Solar bonnet array, ASSY- Solar roof array, ASSY- Shingled Matrix Panels, ","ASSY- Occupant cell spider, ASSY- boot, ASSY- Bonnet, ASSY - MPPT"
Assy - Shingled Matrix Panels,M10,2,12,N/A,"ASSY-boot, ASSY-MPPT, ASSY-MC4 Cabling"
ASSY - TAILLIGHT/INDICATOR EXTERIOR- LH,Sunswift ,0,3,N/A,N/A
ASSY - TAILLIGHT/INDICATOR EXTERIOR- RH,Sunswift ,0,3,N/A,N/A
ASSY - TAILLIGHT/INDICATOR PCB- LH,Sunswift,0,6,ASSY - TAILLIGHT/INDICATOR EXTERIOR- LH,N/A
ASSY - TAILLIGHT/INDICATOR PCB - RH,Sunswift,0,6,ASSY - TAILLIGHT/INDICATOR EXTERIOR- RH,N/A
ASSY - CENTRAL STOP LAMP,Sunswift ,0,3,ASSY - REAR BOOT,N/A
ASSY - CENTRAL STOP LAMP PCB,Sunswift,0,4,ASSY - CENTRAL STOP LAMP,N/A
ASSY - HEADLIGHT EXTERIOR - LH,Sunswift ,0,3,N/A,N/A
ASSY - HEADLIGHT EXTERIOR - RH,Sunswift ,0,3,N/A,N/A
ASSY - HEADLIGHT/INDICATOR PCB - LH,Sunswift,0,2,N/A,ASSY - HEADLIGHT EXTERIOR - LH
ASSY - HEADLIGHT/INDICATOR PCB - RH,Sunswift,0,2,N/A,ASSY - HEADLIGHT EXTERIOR - RH
ASSY - SIDE INDICATOR EXTERIOR - LH,Sunswift ,0,3,N/A,N/A
ASSY - SIDE INDICATOR EXTERIOR - RH,Sunswift ,0,3,N/A,N/A
ASSY - HORN,Sunswift,0,1,The purchase of said horn,N/A
ASSY-  HORN PCB,Sunswift,0,2,ASSY-  HORN PCB,N/A
ASSY - DRIVE CONTROL UNIT,Sunswift,0,12,"ASSY - MOTOR UNIT - LH, ASSY - MOTOR UNIT - RH",N/A
ASSY - SENSOR MOTHERBOARD - FL,Sunswift,0,12,N/A,N/A
ASSY -  SENSOR MOTHERBOARD- FR,Sunswift,0,12,N/A,N/A
ASSY - SENSOR MOTHERBOARD - BL,Sunswift,0,12,N/A,N/A
ASSY -  SENSOR MOTHERBOARD- BR,Sunswift,0,12,N/A,N/A
ASSY - FATIGUE MONITORING SYSTEM,Sunswift,0,0,ASSY - OCCUPANT CELL TUB,N/A
ASSY - BLINDSPOT MONOTORING SENSOR -  LH,Sunswift,0,4,"ASSY - SIDE CAMERA - LH, ASSY - SENSOR MOTHERBOARD - FL
ASSY -  SENSOR MOTHERBOARD- FR
ASSY - SENSOR MOTHERBOARD - BL
ASSY -  SENSOR MOTHERBOARD- BRRA - LH",N/A
ASSY - BLINDSPOT MONOTORING SENSOR -  RH,Sunswift,0,4,"ASSY - SIDE CAMERA - RH, ASSY - SENSOR MOTHERBOARD - FL
ASSY -  SENSOR MOTHERBOARD- FR
ASSY - SENSOR MOTHERBOARD - BL
ASSY -  SENSOR MOTHERBOARD- BR",N/A
ASSY - C-V2V ANTENNA,Sunswift,0,3,N/A,N/A
ASSY - C-V2X PCB,Sunswift,0,8,N/A,N/A
ASSY - SUBWOOFER,Sunswift,0,0,ASSY - OCCUPANT CELL TUB,N/A
ASSY - AUDIO CONTROL SYSTEM,Sunswift,0,0,"ASSY - DOOR AUDIO - LH,
ASSY - DOOR AUDIO - RH,
ASSY - SUBWOOFER",N/A
ASSY - PRESSURE VESSEL SHELL,"Coregas, Swagelok",6,0,ASSY - PRESSURE VESSEL SUPPORT STRUCTURE  ,"ASSY - HYDROGEN COMPARTMENT STRUCTURE, ASSY - PRESSURE REGULATION & SAFETY"
ASSY - PRESSURE VESSEL SUPPORT STRUCTURE,Sunswift,0,0,ASSY - PRESSURE VESSEL SHELL,"ASSY - HYDROGEN COMPARTMENT STRUCTURE, ASSY - PRESSURE REGULATION & SAFETY, ASSY - REAR FLOOR, ASSY - OCCUPANT CELL TUB  "
ASSY - HYDROGEN COMPARTMENT STRUCTURE,Sunswift,0,0,"ASSY - PRESSURE VESSEL SHELL, ASSY - PRESSURE VESSEL SUPPORT STRUCTURE  ","ASSY - HYDROGEN COMPARTMENT VENTILATION, ASSY - OCCUPANT CELL HYDROGEN SENSOR, ASSY - FUEL CELL STACK"
ASSY - PRESSURE REGULATION & SAFETY,Swagelok ,12,0,"ASSY - PRESSURE VESSEL SHELL, ASSY - PRESSURE VESSEL SUPPORT STRUCTURE  ","ASSY - HYDROGEN SUPPLY LINE, ASSY - HYDROGEN SENSOR ARRAY, ASSY - P&ID HYDROGEN DOWNSTREAM LINE"
ASSY - PRESSURE MONITORING AND CONTROL,Sunswift,0,0,N/A,N/A
ASSY - SAFETY VALVE,Sunswift,0,0,N/A,N/A
ASSY - HYDROGEN SUPPLY LINE,"Swagelok	",6,0,ASSY - PRESSURE REGULATION & SAFETY  ,"ASSY - PURGE MANAGEMENT, ASSY - SENSOR ARRAY, ASSY - FUEL CELL STACK"
ASSY - HYDROGEN PURGE MANAGEMENT,"Siltrax, Swagelok	",6,0,"ASSY - FUEL CELL STACK, ASSY - HYDROGEN SUPPLY LINE  ",ASSY - P&ID HYDROGEN RECYCLE STREAM
ASSY - HYDROGEN COMPARTMENT VENTILATION,Sunswift,0,0,ASSY - HYDROGEN COMPARTMENT STRUCTURE  ,"ASSY - P&ID AIR SUPPLY LINE, ASSY - REARWHEEL HUB AIR INTAKE"
ASSY- OCCUPANT CELL HYDROGEN SENSOR,External Supplier (TBA),10,0,N/A,"ASSY - HYDROGEN COMPARTMENT STRUCTURE  , ASSY - OCCUPANT CELL SHUTDOWN VALVE, ASSY - FUEL CELL ELECTRICAL CONNECTIONS"
ASSY- P&ID HYDROGEN RECYCLE STREAM,Siltrax,6,0,"ASSY - HYDROGEN PURGE MANAGEMENT, ASSY - FUEL CELL STACK  ",ASSY - HYDROGEN SENSOR ARRAY
ASSY - HYDROGEN SYSTEM PERFORMANCE DISPLAY ,Sunswift,0,0,"ASSY - FC ELECTRICAL CONNECTIONS, ASSY - HYDROGEN SENSOR ARRAY  ",N/A
ASSY- OCCUPANT CELL SHUTDOWN VALVE,Swagelok,6,0,"ASSY - OCCUPANT CELL HYDROGEN SENSOR, ASSY - HYDROGEN CONTROL LOGIC  ",N/A
ASSY - HYDROGEN SENSOR ARRAY,External Supplier (TBA),10,0,"ASSY - HYDROGEN SUPPLY LINE, ASSY - PRESSURE REGULATION & SAFETY, ASSY - FUEL CELL STACK  ","ASSY - HYDROGEN CONTROL LOGIC, ASSY - HYDROGEN SYSTEM PERFORMANCE DISPLAY"
ASSY - HYDROGEN CONTROL LOGIC,External Supplier (TBA),16,0,"ASSY - HYDROGEN SENSOR ARRAY, ASSY - FUEL CELL STACK, ASSY - HYDROGEN CONTROL SYSTEM  ",N/A
ASSY - FUEL CELL STACK,"Siltrax	",6,0,"ASSY - BATTERY  PACK, ASSY - FUEL SENSOR ARRAY","ASSY - HYDROGEN SENSOR ARRAY, ASSY - FUEL CELL STACK, ASSY - HYDROGEN CONTROL SYSTEM, ASSY - HYDROGEN SUPPLY LINE, ASSY - HYDROGEN COOLING SYSTEM, ASSY - HYDROGEN COMPARTMENT STRUCTURE, "
ASSY - HYDROGEN COOLING SYSTEM,Sunswift,0,0,"ASSY - FUEL CELL STACK, ASSY - REAR FLUID MANAGEMENT, ASSY - FRONT FLUID MANAGEMENT  ","ASSY - P&ID HYDROGEN DOWNSTREAM LINE, ASSY - FC ELECTRICAL CONNECTIONS"
ASSY - FUEL CELL ELECTRICAL CONNECTIONS,Sunswift,0,0,"ASSY - FUEL CELL STACK, ASSY - POWER ELECTRONICS  ",ASSY - HYDROGEN SYSTEM PERFORMANCE DISPLAY
ASSY - P&ID HYDROGEN DOWNSTREAM LINE,"Swagelok	",6,0,"ASSY - FUEL CELL STACK, ASSY - HYDROGEN SUPPLY LINE, ASSY - HYDROGEN PURGE MANAGEMENT  ",ASSY - P&ID AIR SUPPLY LINE
ASSY - P&ID AIR SUPPLY LINE ,"Beswick, Swagelok",8,0,"ASSY - REARWHEEL HUB AIR INTAKE, ASSY - AIR SOURCE  ",ASSY - OCCUPANT CELL SHUTDOWN VALVE
ASSY- P&ID AIR EXHAUST LINE,"Sunswift, Beswick, Swagelok",8,0,"ASSY - REARWHEEL HUB AIR INTAKE, ASSY - AIR SOURCE  , ASSY - P&ID AIR SUPPLY LINE ",ASSY - OCCUPANT CELL SHUTDOWN VALVE
ASSY - REARWHEEL HUB AIR INTAKE ,Sunswift,0,0,ASSY - HYDROGEN COMPARTMENT STRUCTURE  ,ASSY - HYDROGEN CONTROL LOGIC
ASSY - HYDROGEN  CONTROL SYSTEM,"Siltrax, External Supplier (TBA)",12,0,"ASSY - HYDROGEN CONTROL LOGIC, ASSY - ECS, ASSY - FC ELECTRICAL CONNECTIONS",N/A
ASSY - HYDROGEN STORAGE SYSTEM,Sunswift,0,0,"ASSY - REARWHEEL HUB AIR INTAKE, ASSY - AIR SOURCE  ","ASSY - OCCUPANT CELL SHUTDOWN VALVE, ASSY - P&ID AIR SUPPLY LINE"
ASSY - HYDROGEN CONTROL SYSTEM,Sunswift,0,0,N/A,N/A
ASSY - FUEL CELL ANCILLARY SYSTEM,Sunswift,0,0,N/A,N/A
ASSY - FUEL CELL MONITORING SYSTEM,Sunswift,0,0,N/A,N/A
ASSY - FUEL CELL COOLING SYSTEM,Sunswift,0,0,N/A,N/A
ASSY - FUEL CELL SENSOR,Sunswift,0,0,N/A,N/A
ASSY - POWER ELECTRONICS,Sunswift,0,0,N/A,N/A
ASSY - C-V2V RADAR/LiDAR,Sunswift,0,12,N/A,ASSY - FRONT CLAMSHELL
ASSY - INTERNAL EMBEDDED NETWORK WIRING,Sunswift,0,2,"ASSY- HORN PCB, ASSY - HEADLIGHT/INDICATOR PCB - RH, ASSY - HEADLIGHT/INDICATOR PCB - LH, ASSY-  HORN PCB, ASSY - TAILLIGHT/INDICATOR PCB- LH, ASSY - TAILLIGHT/INDICATOR PCB - RH, ASSY - CENTRAL STOP LAMP PCB, ASSY - STEERING WHEEL PCB, ASSY - CENTRAL DISPLAY, ASSY - DRIVER DISPLAY, ASSY - PEDAL BOX CONTROLLER, ASSY - DRIVE CONTROL UNIT, ASSY - MAIN COMPUTER, ASSY - SUBWOOFER, ASSY - C-V2V RADAR/LiDAR, ASSY - C-V2V ANTENNA, ASSY - C-V2X PCB, ASSY - DOOR AUDIO - LH, ASSY - DOOR AUDIO - RH, ASSY - SUBWOOFER, ASSY - AUDIO CONTROL SYSTEM","ASSY - OCCUPANT CELL SPIDER, ASSY - OCCUPANT CELL TUB, ASSY - STEERING COLUMN MOUNT, ASSY - FRONT CRASH STRUCTURE, ASSY - REAR CRASH STRUCTURE, ASSY - CHASSIS VENTILATION, ASSY - REAR BUMPER, ASSY - REAR QUARTER PANEL - LH, ASSY - REAR QUARTER PANEL  - RH, ASSY - FRONT CLAM SHELL, ASSY - REAR FLOOR, ASSY - REAR SUPPORT, STRUCTURE, ASSY - BOOT, ASSY - BONNET"
ASSY - CYBERSECURITY MVP,Sunswift,0,0,N/A,N/A
ASSY - PERFORMANCE OPTIMISATION MVP,Sunswift,0,0,N/A,N/A
ASSY - TELEMETRY MVP,Sunswift,0,12,"ASSY - PERFORMANCE OPTIMSATION, ASSY - SUNSWIFT PHONE APP, ASSY - SENSORS",N/A
ASSY - TRACKSIDE RADIO COMMUNICATION MVP,Sunswift,0,0,N/A,N/A
ASSY - TRIP ENERGY PREDICTION MVP,Sunswift,0,0,"ASSY - TELEMETRY, ASSY - SENSORS, ASSY - INFOTAINMENT",N/A
ASSY - HUMAN MACHINE INTERFACE (HMI) MVP,Sunswift,0,0,"ASSY - HMI, ASSY - INFOTAINMENT, ASSY - BLUETOOTH CONNECTIVITY, ASSY - APPLE & ANDROID COMPATABILITY, ASSY - SUNSWIFT PHONE APP",N/A
ASSY - INFOTAINMENT MVP,Sunswift,0,0,"ASSY - HMI, ASSY - BLUETOOTH CONNECTIVITY, ASSY - APPLE & ANDROID COMPATABILITY, ASSY - SUNSWIFT PHONE APP",N/A
ASSY - BLUETOOTH CONNECTIVITY MVP,Sunswift,0,0,"ASSY - HMI, ASSY - INFOTAINMENT, ASSY - APPLE & ANDROID COMPATABILITY, ASSY - SUNSWIFT PHONE APP",N/A
ASSY - APPLE & ANDROID COMPATABILITY MVP,Sunswift,0,0,"ASSY - HMI, ASSY - INFOTAINMENT, ASSY - BLUETOOTH CONNECTIVITY, ASSY - SUNSWIFT PHONE APP",N/A
ASSY - SUNSWIFT PHONE APP MVP,Sunswift,0,12,"ASSY - TELEMETRY, ASSY - HMI, ASSY - INFOTAINMENT, ASSY - BLUETOOTH CONNECTIVITY, ASSY - APPLE & ANDROID COMPATABILITY",N/A
ASSY - INTRANET MVP,Sunswift,0,0,N/A,N/A
ASSY - CYBERSECURITY,Sunswift,0,0,N/A,N/A
ASSY - PERFORMANCE OPTIMISATION,Sunswift,0,0,N/A,N/A
ASSY - TELEMETRY,Sunswift,0,12,"ASSY - PERFORMANCE OPTIMSATION, ASSY - SUNSWIFT PHONE APP, ASSY - SENSORS",N/A
ASSY - TRACKSIDE RADIO COMMUNICATION,Sunswift,0,0,N/A,N/A
ASSY - TRIP ENERGY PREDICTION,Sunswift,0,0,"ASSY - TELEMETRY, ASSY - SENSORS, ASSY - INFOTAINMENT",N/A
ASSY - HUMAN MACHINE INTERFACE (HMI),Sunswift,0,0,"ASSY - HMI, ASSY - INFOTAINMENT, ASSY - BLUETOOTH CONNECTIVITY, ASSY - APPLE & ANDROID COMPATABILITY, ASSY - SUNSWIFT PHONE APP",N/A
ASSY - INFOTAINMENT,Sunswift,0,0,"ASSY - HMI, ASSY - BLUETOOTH CONNECTIVITY, ASSY - APPLE & ANDROID COMPATABILITY, ASSY - SUNSWIFT PHONE APP",N/A
ASSY - BLUETOOTH CONNECTIVITY,Sunswift,0,0,"ASSY - HMI, ASSY - INFOTAINMENT, ASSY - APPLE & ANDROID COMPATABILITY, ASSY - SUNSWIFT PHONE APP",N/A
ASSY - APPLE & ANDROID COMPATABILITY,Sunswift,0,0,"ASSY - HMI, ASSY - INFOTAINMENT, ASSY - BLUETOOTH CONNECTIVITY, ASSY - SUNSWIFT PHONE APP",N/A
ASSY - SUNSWIFT PHONE APP,Sunswift,0,12,"ASSY - TELEMETRY, ASSY - HMI, ASSY - INFOTAINMENT, ASSY - BLUETOOTH CONNECTIVITY, ASSY - APPLE & ANDROID COMPATABILITY",N/A
ASSY - INTRANET,Sunswift,0,0,N/A,N/A
ASSY - DRIVE CONTROL UNIT SOFTWARE,Sunswift,0,12,ASSY - DRIVE CONTROL UNIT,N/A
ASSY - HEADLAMP/INDICATOR PCB - LH - CODE,Sunswift,0,3,N/A,N/A
ASSY - HEADLAMP/INDICATOR PCB - RH - CODE,Sunswift,0,3,N/A,N/A
ASSY - TAILLIGHT/INDICATOR PCB - LH - CODE,Sunswift,0,3,N/A,N/A
ASSY - TAILLIGHT/INDICATOR PCB - RH - CODE,Sunswift,0,3,N/A,N/A
ASSY -  HORN PCB CODE,Sunswift,0,2,N/A,N/A
ASSY - MAIN COMPUTER,Adlink,8,1,ASSY - OCCUPANT CELL TUB,ASSY - INTERNAL EMBEDDED NETWORK WIRING
ASSY - STEERING WHEEL PCB CODE,Sunswift,0,4,ASSY - STEERING WHEEL PCB,N/A
ASSY - INTERIOR LIGHTS PCB CODE,Sunswift,0,3,N/A,N/A
ASSY - DOOR CONTROL BOARD - LH - CODE,Sunswift,0,3,ASSY - DOOR CONTROL BOARD - LH,N/A
ASSY - DOOR CONTROL BOARD - RH - CODE,Sunswift,0,3,ASSY - DOOR CONTROL BOARD - RH,N/A
ASSY - WINDSCREEN WIPER CONTROL PCB CODE,Sunswift,0,4,N/A,N/A
ASSY - EMBEDDED HIGH LEVEL SOFTWARE ,Sunswift,0,12,ASSY - MAIN COMPUTER,N/A
ASSY - SIDE INDICATOR - LH,Sunswift,0,4,N/A,ASSY - SIDE CAMERA - LH
ASSY - SIDE INDICATOR - RH,Sunswift,0,4,N/A,ASSY - SIDE CAMERA - RH
ASSY - ABS BRAKES CONTROL SYSTEM,Bosch,12,4,"ASSY - EMBEDDED HIGH LEVEL SOFTWARE, ASSY - DRIVE CONTROL UNIT ",N/A
ASSY - TAILLIGHT/INDICATOR STOP LAMP - LH,Sunswift,0,6,N/A,"ASSY - TAILLIGHT/INDICATOR EXTERIOR- LH
ASSY - TAILLIGHT/INDICATOR EXTERIOR- RH"
ASSY - TAILLIGHT/INDICATOR STOP LAMP - RH,Sunswift,0,6,N/A,"ASSY - TAILLIGHT/INDICATOR EXTERIOR- LH
ASSY - TAILLIGHT/INDICATOR EXTERIOR- RH"
ASSY - TAILLIGHT/INDICATOR INDICATOR LAMPS - LH,Sunswift,0,7,N/A,"ASSY - TAILLIGHT/INDICATOR EXTERIOR- LH
ASSY - TAILLIGHT/INDICATOR EXTERIOR- RH"
ASSY - TAILLIGHT/INDICATOR INDICATOR LAMPS - RH,Sunswift,0,8,N/A,"ASSY - TAILLIGHT/INDICATOR EXTERIOR- LH
ASSY - TAILLIGHT/INDICATOR EXTERIOR- RH"
ASSY - TAILLIGHT/INDICATOR RUNNING LIGHTS ,Sunswift,0,9,N/A,"ASSY - TAILLIGHT/INDICATOR EXTERIOR- LH
ASSY - TAILLIGHT/INDICATOR EXTERIOR- RH"
ASSY - TAILLIGHT/INDICATOR REVERSE LAMP - LH,Sunswift,0,10,N/A,"ASSY - TAILLIGHT/INDICATOR EXTERIOR- LH
ASSY - TAILLIGHT/INDICATOR EXTERIOR- RH"
ASSY - TAILLIGHT/INDICATOR REVERSE LAMP - RH,Sunswift,0,11,N/A,"ASSY - TAILLIGHT/INDICATOR EXTERIOR- LH
ASSY - TAILLIGHT/INDICATOR EXTERIOR- RH"
